dcid,year,climateFinanceProvidedCommitmentsInstrumentUnspecifiedCurrentUSD
Earth,2013,6477100687.33026
Earth,2014,6199293796.77467
Earth,2015,4190681113.274834
Earth,2016,6220614345.4578285
Earth,2017,6540396609.486071
Earth,2018,2664382284.502822
Earth,2019,5819283890.06623
Earth,2020,10009030681.7792
Earth,2021,7705071153.528292
