dcid,year,climateFinanceProvidedCommitmentsMitigationInstrumentUnspecifiedCurrentUSD
Earth,2013,6027074141.63386
Earth,2014,5441937053.88567
Earth,2015,3917399987.6903725
Earth,2016,5597263056.247427
Earth,2017,5919088483.92039
Earth,2018,2180522493.8616214
Earth,2019,5144360655.47451
Earth,2020,7748152675.7872
Earth,2021,6860561383.135199
